pair_id,parent_id,family_id,split,length,mutation_indices,source_structure,source_chain,target_structure,target_chain,label_source
premut22_1ERT_1AIU_A_D_59_N,1ERT_A,v02_family_0123349a5fb8,train,105,59,1ERT.pdb,A,1AIU.pdb,A,experimental
premut22alt1_1ERT_1ERV_A_C_72_S,1ERT_A,v02_family_0123349a5fb8,train,105,72,1ERT.pdb,A,1ERV.pdb,A,experimental
premut22p_1ERT_1AIU_A_D_59_N,1ERT_A,v02_family_0123349a5fb8,train,105,59,1ERT.pdb,A,1AIU.pdb,A,experimental
premut22alt1_1CZL_1CZK_A_D_99_N,1CZL_A,v02_family_204bcfd23f04,train,169,99,1CZL.pdb,A,1CZK.pdb,A,experimental
platinum_3FYW_3FY8_X_F98Y,3FYW_X,v02_family_260dd007d20d,dev,157,97,3FYW.pdb,X,3FY8.pdb,X,experimental
premut22alt1_5NLL_1FLN_A_D_57_P,5NLL_A,v02_family_28cd4576dfdb,train,138,57,5NLL.pdb,A,1FLN.pdb,A,experimental
premut22m_5NLL_1FLD_A_G_56_T,5NLL_A,v02_family_28cd4576dfdb,train,138,56,5NLL.pdb,A,1FLD.pdb,A,experimental
premut22alt1_1AZQ_1WTW_A_V_25_A,1AZQ_A,v02_family_2be082f68809,test,66,25,1AZQ.pdb,A,1WTW.pdb,A,experimental
premut22m_1DUA_1DUE_A_S_194_A,1DUA_A,v02_family_2be082f68809,test,242,194,1DUA.pdb,A,1DUE.pdb,A,experimental
premut22p_1AZQ_1WTR_A_M_28_A,1AZQ_A,v02_family_2be082f68809,test,66,28,1AZQ.pdb,A,1WTR.pdb,A,experimental
premut22p_1Q21_2Q21_A_G_11_V,1Q21_A,v02_family_2be082f68809,test,171,11,1Q21.pdb,A,2Q21.pdb,A,experimental
microminer_4KHV_A_4ME5_A_V66A,4KHV_A,v02_family_2be082f68809,test,129,53,4KHV.pdb,A,4ME5.pdb,A,experimental
microminer_3U6C_A_4G4O_A_M77A,3U6C_A,v02_family_2be082f68809,test,252,75,3U6C.pdb,A,4G4O.pdb,A,experimental
microminer_5CV9_A_5IGB_A_E36D,5CV9_A,v02_family_2be082f68809,test,129,29,5CV9.pdb,A,5IGB.pdb,A,experimental
microminer_5E3F_A_5C4H_A_K92H,5E3F_A,v02_family_2be082f68809,test,129,79,5E3F.pdb,A,5C4H.pdb,A,experimental
microminer_3BDC_A_6XSC_A_V23T,3BDC_A,v02_family_2be082f68809,test,129,16,3BDC.pdb,A,6XSC.pdb,A,experimental
microminer_3GO8_A_3U6D_A_E3Q,3GO8_A,v02_family_2be082f68809,test,252,1,3GO8.pdb,A,3U6D.pdb,A,experimental
microminer_4O52_A_4O4V_A_V45I,4O52_A,v02_family_2be082f68809,test,251,43,4O52.pdb,A,4O4V.pdb,A,experimental
microminer_421P_A_821P_A_R12P,421P_A,v02_family_2be082f68809,test,166,11,421P.pdb,A,821P.pdb,A,experimental
premut22alt1_1FDA_1D3W_A_D_14_E,1FDA_A,v02_family_2f4c6b5fd2fc,train,106,14,1FDA.pdb,A,1D3W.pdb,A,experimental
premut22p_1FDA_1A6L_A_T_13_C,1FDA_A,v02_family_2f4c6b5fd2fc,train,106,13,1FDA.pdb,A,1A6L.pdb,A,experimental
premut22m_1QD2_1GIU_A_E_84_R,1QD2_A,v02_family_3da1b9ebba69,dev,247,84,1QD2.pdb,A,1GIU.pdb,A,experimental
premut22q_4VUB_7EPJ_A_V_45_L,4VUB_A,v02_family_3da1b9ebba69,dev,101,45,4VUB.pdb,A,7EPJ.pdb,A,experimental
premut22n_1BV1_1LLT_A_E_44_S,1BV1_A,v02_family_412a8d76b44d,train,159,44,1BV1.pdb,A,1LLT.pdb,A,experimental
premut22q_3X2L_3X2G_A_N_91_D,3X2L_A,v02_family_4f29116d3b64,test,180,91,3X2L.pdb,A,3X2G.pdb,A,experimental
premut22alt1_1CDH_1CDY_A_G_46_S,1CDH_A,v02_family_54f812ae22f4,train,178,46,1CDH.pdb,A,1CDY.pdb,A,experimental
premut22p_1CDH_1CDU_A_F_42_V,1CDH_A,v02_family_54f812ae22f4,train,178,42,1CDH.pdb,A,1CDU.pdb,A,experimental
premut22alt1_2PHY_1F9I_A_Y_41_F,2PHY_A,v02_family_5c932f233753,dev,125,41,2PHY.pdb,A,1F9I.pdb,A,experimental
microminer_1TS0_A_1OT6_A_E46Q,1TS0_A,v02_family_5c932f233753,dev,125,45,1TS0.pdb,A,1OT6.pdb,A,experimental
premut22alt1_3PAZ_5PAZ_A_P_79_A,3PAZ_A,v02_family_607a3bb0349c,train,123,79,3PAZ.pdb,A,5PAZ.pdb,A,experimental
premut22q_3PAZ_4PAZ_A_P_79_A,3PAZ_A,v02_family_607a3bb0349c,train,123,79,3PAZ.pdb,A,4PAZ.pdb,A,experimental
microminer_1JD3_A_1TT8_A_A90G,1JD3_A,v02_family_6c0799e5f926,train,164,89,1JD3.pdb,A,1TT8.pdb,A,experimental
microminer_4YGH_A_6NNX_A_L121M,4YGH_A,v02_family_7ae2a6204321,train,137,120,4YGH.pdb,A,6NNX.pdb,A,experimental
microminer_1HSW_A_1IR9_A_I98M,1HSW_A,v02_family_987a40463804,dev,129,97,1HSW.pdb,A,1IR9.pdb,A,experimental
microminer_1HEL_A_3A3Q_A_N59D,1HEL_A,v02_family_987a40463804,dev,129,58,1HEL.pdb,A,3A3Q.pdb,A,experimental
microminer_2ZQ4_A_1LZE_A_W62Y,2ZQ4_A,v02_family_987a40463804,dev,129,61,2ZQ4.pdb,A,1LZE.pdb,A,experimental
microminer_1LHL_A_1LZ1_A_P47A,1LHL_A,v02_family_987a40463804,dev,130,46,1LHL.pdb,A,1LZ1.pdb,A,experimental
microminer_1AKI_A_1HEO_A_I55V,1AKI_A,v02_family_987a40463804,dev,129,54,1AKI.pdb,A,1HEO.pdb,A,experimental
microminer_1REX_A_133L_A_R115H,1REX_A,v02_family_987a40463804,dev,130,114,1REX.pdb,A,133L.pdb,A,experimental
microminer_2ZIL_A_1GB8_A_V74M,2ZIL_A,v02_family_987a40463804,dev,130,73,2ZIL.pdb,A,1GB8.pdb,A,experimental
microminer_1BVX_A_1KXW_A_N27D,1BVX_A,v02_family_987a40463804,dev,129,26,1BVX.pdb,A,1KXW.pdb,A,experimental
microminer_2MEE_A_1YAP_A_L59V,2MEE_A,v02_family_987a40463804,dev,130,58,2MEE.pdb,A,1YAP.pdb,A,experimental
microminer_5ZA7_U_6JYP_U_H99Y,5ZA7_U,v02_family_9d078f57ed0d,dev,246,93,5ZA7.pdb,U,6JYP.pdb,U,experimental
microminer_8I6L_A_8I8U_X_S118A,8I6L_A,v02_family_a515d2e6f827,train,174,117,8I6L.pdb,A,8I8U.pdb,X,experimental
premut22alt1_2RN2_1KVB_A_D_133_H,2RN2_A,v02_family_a548251c30c2,train,155,133,2RN2.pdb,A,1KVB.pdb,A,experimental
premut22n_2RN2_1KVA_A_D_133_A,2RN2_A,v02_family_a548251c30c2,train,155,133,2RN2.pdb,A,1KVA.pdb,A,experimental
microminer_1AGY_A_1FFA_A_N84A,1AGY_A,v02_family_c322e5df7c9a,train,197,67,1AGY.pdb,A,1FFA.pdb,A,experimental
premut22_1BVV_1C5H_A_N_34_D,1BVV_A,v02_family_c8b7ffd01e8a,train,185,34,1BVV.pdb,A,1C5H.pdb,A,experimental
microminer_4HKO_A_6JUG_A_N44E,4HKO_A,v02_family_c8b7ffd01e8a,train,189,42,4HKO.pdb,A,6JUG.pdb,A,experimental
microminer_5FNX_A_5FZU_A_K177E,5FNX_A,v02_family_cf7defecbfbc,train,185,174,5FNX.pdb,A,5FZU.pdb,A,experimental
premut22n_2INT_1HIJ_A_R_87_Q,2INT_A,v02_family_d12b0c64f68a,test,129,87,2INT.pdb,A,1HIJ.pdb,A,experimental
microminer_1WLW_A_1IS3_A_S16Y,1WLW_A,v02_family_e3ec45fb6212,train,134,14,1WLW.pdb,A,1IS3.pdb,A,experimental
premut23all_2LZM_1L02_A_T_156_A,2LZM_A,v02_family_e40682d3a677,train,164,156,2LZM.pdb,A,1L02.pdb,A,experimental
premut23all_2LZM_1L04_A_T_156_D,2LZM_A,v02_family_e40682d3a677,train,164,156,2LZM.pdb,A,1L04.pdb,A,experimental
premut23all_2LZM_1L05_A_T_156_D,2LZM_A,v02_family_e40682d3a677,train,164,156,2LZM.pdb,A,1L05.pdb,A,experimental
premut23all_2LZM_1L06_A_T_156_E,2LZM_A,v02_family_e40682d3a677,train,164,156,2LZM.pdb,A,1L06.pdb,A,experimental
premut23all_2LZM_1L07_A_T_156_F,2LZM_A,v02_family_e40682d3a677,train,164,156,2LZM.pdb,A,1L07.pdb,A,experimental
premut23all_2LZM_1L08_A_T_156_G,2LZM_A,v02_family_e40682d3a677,train,164,156,2LZM.pdb,A,1L08.pdb,A,experimental
premut23all_2LZM_1L09_A_T_156_H,2LZM_A,v02_family_e40682d3a677,train,164,156,2LZM.pdb,A,1L09.pdb,A,experimental
premut23all_2LZM_1L12_A_T_156_N,2LZM_A,v02_family_e40682d3a677,train,164,156,2LZM.pdb,A,1L12.pdb,A,experimental
premut23all_2LZM_1L13_A_T_156_R,2LZM_A,v02_family_e40682d3a677,train,164,156,2LZM.pdb,A,1L13.pdb,A,experimental
premut23all_2LZM_1L14_A_T_156_S,2LZM_A,v02_family_e40682d3a677,train,164,156,2LZM.pdb,A,1L14.pdb,A,experimental
premut23all_2LZM_1L15_A_T_156_V,2LZM_A,v02_family_e40682d3a677,train,164,156,2LZM.pdb,A,1L15.pdb,A,experimental
premut23all_2LZM_1L16_A_G_155_D,2LZM_A,v02_family_e40682d3a677,train,164,155,2LZM.pdb,A,1L16.pdb,A,experimental
premut23all_2LZM_1L17_A_I_2_V,2LZM_A,v02_family_e40682d3a677,train,164,2,2LZM.pdb,A,1L17.pdb,A,experimental
premut23all_2LZM_1L18_A_I_2_Y,2LZM_A,v02_family_e40682d3a677,train,164,2,2LZM.pdb,A,1L18.pdb,A,experimental
premut23all_2LZM_1L19_A_S_37_D,2LZM_A,v02_family_e40682d3a677,train,164,37,2LZM.pdb,A,1L19.pdb,A,experimental
premut23all_2LZM_1L20_A_N_143_D,2LZM_A,v02_family_e40682d3a677,train,164,143,2LZM.pdb,A,1L20.pdb,A,experimental
premut23all_2LZM_1L22_A_K_123_G,2LZM_A,v02_family_e40682d3a677,train,164,123,2LZM.pdb,A,1L22.pdb,A,experimental
premut23all_2LZM_1L23_A_G_76_A,2LZM_A,v02_family_e40682d3a677,train,164,76,2LZM.pdb,A,1L23.pdb,A,experimental
premut23all_2LZM_1L24_A_A_81_P,2LZM_A,v02_family_e40682d3a677,train,164,81,2LZM.pdb,A,1L24.pdb,A,experimental
premut23all_2LZM_1L25_A_P_85_A,2LZM_A,v02_family_e40682d3a677,train,164,85,2LZM.pdb,A,1L25.pdb,A,experimental
premut23all_2LZM_1L27_A_P_85_D,2LZM_A,v02_family_e40682d3a677,train,164,85,2LZM.pdb,A,1L27.pdb,A,experimental
premut23all_2LZM_1L28_A_P_85_G,2LZM_A,v02_family_e40682d3a677,train,164,85,2LZM.pdb,A,1L28.pdb,A,experimental
premut23all_2LZM_1L29_A_P_85_H,2LZM_A,v02_family_e40682d3a677,train,164,85,2LZM.pdb,A,1L29.pdb,A,experimental
premut23all_2LZM_1L30_A_P_85_L,2LZM_A,v02_family_e40682d3a677,train,164,85,2LZM.pdb,A,1L30.pdb,A,experimental
premut23all_2LZM_1L31_A_P_85_R,2LZM_A,v02_family_e40682d3a677,train,164,85,2LZM.pdb,A,1L31.pdb,A,experimental
premut23all_2LZM_1L32_A_P_85_S,2LZM_A,v02_family_e40682d3a677,train,164,85,2LZM.pdb,A,1L32.pdb,A,experimental
premut23all_2LZM_1L33_A_V_130_A,2LZM_A,v02_family_e40682d3a677,train,164,130,2LZM.pdb,A,1L33.pdb,A,experimental
premut23all_2LZM_1L34_A_R_95_H,2LZM_A,v02_family_e40682d3a677,train,164,95,2LZM.pdb,A,1L34.pdb,A,experimental
premut23all_2LZM_1L37_A_T_114_E,2LZM_A,v02_family_e40682d3a677,train,164,114,2LZM.pdb,A,1L37.pdb,A,experimental
premut23all_2LZM_1L38_A_Q_122_E,2LZM_A,v02_family_e40682d3a677,train,164,122,2LZM.pdb,A,1L38.pdb,A,experimental
premut23all_2LZM_1L42_A_K_15_E,2LZM_A,v02_family_e40682d3a677,train,164,15,2LZM.pdb,A,1L42.pdb,A,experimental
premut23all_2LZM_1L43_A_K_15_E,2LZM_A,v02_family_e40682d3a677,train,164,15,2LZM.pdb,A,1L43.pdb,A,experimental
premut23all_2LZM_1L44_A_R_118_E,2LZM_A,v02_family_e40682d3a677,train,164,118,2LZM.pdb,A,1L44.pdb,A,experimental
premut23all_2LZM_1L45_A_K_134_E,2LZM_A,v02_family_e40682d3a677,train,164,134,2LZM.pdb,A,1L45.pdb,A,experimental
premut23all_2LZM_1L46_A_K_146_E,2LZM_A,v02_family_e40682d3a677,train,164,146,2LZM.pdb,A,1L46.pdb,A,experimental
premut23all_2LZM_1L47_A_R_153_E,2LZM_A,v02_family_e40682d3a677,train,164,153,2LZM.pdb,A,1L47.pdb,A,experimental
premut23all_2LZM_1L52_A_T_151_S,2LZM_A,v02_family_e40682d3a677,train,164,151,2LZM.pdb,A,1L52.pdb,A,experimental
premut23ctx_2LZM_1L02_A_T_156_A,2LZM_A,v02_family_e40682d3a677,train,164,156,2LZM.pdb,A,1L02.pdb,A,experimental
premut22p_1LYD_256L_A_M_5_I,1LYD_A,v02_family_e40682d3a677,train,164,5,1LYD.pdb,A,256L.pdb,A,experimental
microminer_1DYE_A_1DYC_A_S131I,1DYE_A,v02_family_e40682d3a677,train,162,130,1DYE.pdb,A,1DYC.pdb,A,experimental
microminer_1L04_A_1L09_A_D157H,1L04_A,v02_family_e40682d3a677,train,164,156,1L04.pdb,A,1L09.pdb,A,experimental
microminer_1LYF_A_1C6P_A_S59T,1LYF_A,v02_family_e40682d3a677,train,162,58,1LYF.pdb,A,1C6P.pdb,A,experimental
microminer_1L25_A_1L28_A_A86G,1L25_A,v02_family_e40682d3a677,train,164,85,1L25.pdb,A,1L28.pdb,A,experimental
microminer_2B6W_A_1L92_A_A99I,2B6W_A,v02_family_e40682d3a677,train,162,98,2B6W.pdb,A,1L92.pdb,A,experimental
premut22alt1_1B4L_1F18_A_G_84_R,1B4L_A,v02_family_e4243e43dbec,test,153,84,1B4L.pdb,A,1F18.pdb,A,experimental
platinum_1U72_1DLS_A_L22Y,1U72_A,v02_family_ea2e28f36573,train,186,21,1U72.pdb,A,1DLS.pdb,A,experimental
platinum_3S3V_3N0H_A_K35S,3S3V_A,v02_family_ea2e28f36573,train,186,34,3S3V.pdb,A,3N0H.pdb,A,experimental
platinum_3N0H_3S3V_A_S35K,3N0H_A,v02_family_ea2e28f36573,train,186,34,3N0H.pdb,A,3S3V.pdb,A,experimental
microminer_1GBA_A_1GBJ_A_A216G,1GBA_A,v02_family_fb83dc187d83,train,198,160,1GBA.pdb,A,1GBJ.pdb,A,experimental
